article_id,article_version,other_coding_group,"paragraph","codes",last_updated
52369,13,1,"","",2023-11-20 13:54:16.610000000
52370,125,1,"","",2025-09-17 14:13:42.683000000
52379,9,1,"","",2023-11-17 21:59:58.670000000
52399,61,1,"","",2025-09-17 14:14:55.907000000
52420,60,1,"","",2024-08-04 19:11:12.950000000
52421,22,1,"","",2023-09-22 19:00:52.513000000
52423,83,1,"","",2024-09-19 20:53:55.110000000
52432,14,1,"","",2023-11-07 17:38:39.800000000
52435,13,1,"","",2023-11-15 12:56:41.373000000
52437,16,1,"","",2023-11-07 14:33:02.810000000
52438,22,1,"","",2025-09-18 20:45:40.920000000
52448,23,1,"","",2025-09-17 14:20:33.053000000
52450,80,1,"","",2025-01-03 21:17:08.537000000
52451,75,1,"","",2025-09-17 14:22:08.400000000
52453,48,1,"","",2025-09-17 14:17:03.203000000
52470,18,1,"","",2025-07-29 21:07:59.703000000
52725,36,1,"","",2025-09-25 15:59:27.930000000
52770,28,1,"","",2023-11-08 19:06:14.353000000
52830,7,1,"","",2019-11-08 18:57:38.750000000
52848,41,1,"","",2025-09-17 15:57:54.850000000
52849,35,1,"","",2023-12-21 15:24:40.613000000
52850,50,1,"","",2024-12-19 16:01:36.817000000
52855,30,1,"","",2024-01-04 13:46:54.093000000
52863,55,1,"","",2024-09-19 20:56:11.700000000
52866,34,1,"","",2024-12-19 16:04:26.027000000
52868,45,1,"","",2024-12-19 12:58:04.570000000
52870,37,1,"","",2024-12-19 13:27:21.440000000
52959,13,1,"","",2023-11-14 17:09:23.843000000
52986,242,1,"","",2025-04-25 17:28:16.950000000
52992,30,1,"","",2025-04-11 13:01:09.017000000
52993,54,1,"","",2024-10-18 13:42:54.607000000
52996,31,1,"","",2025-09-26 13:52:26.837000000
52998,47,1,"","",2024-06-14 20:23:16.710000000
53001,42,1,"","",2025-01-24 16:24:26.180000000
53006,14,1,"","",2019-12-12 15:59:00.583000000
53008,55,1,"","",2025-09-23 18:03:55.467000000
53009,53,1,"","",2025-09-23 18:04:52.670000000
53018,13,1,"","",2023-11-20 14:38:49.320000000
53024,22,1,"","",2025-09-16 14:35:05.063000000
53026,62,1,"","",2025-09-16 14:35:04.373000000
53043,14,1,"","",2023-01-10 20:02:43.060000000
53046,21,1,"","",2023-12-20 12:47:29.063000000
53047,17,1,"","",2021-12-29 16:33:30.123000000
53049,98,1,"","",2023-11-09 23:48:19.003000000
53052,48,1,"","",2025-08-19 18:16:46.407000000
53053,14,1,"","",2022-05-12 13:18:15.200000000
53057,63,1,"","",2025-08-14 15:03:38.770000000
53058,61,1,"","",2025-08-14 17:49:08.823000000
53060,48,1,"","",2025-08-14 12:47:17.190000000
53064,83,1,"","",2025-08-22 18:47:45.603000000
53065,72,1,"","",2025-08-25 12:42:16.080000000
53084,28,1,"","",2025-09-23 11:39:33.470000000
53095,28,1,"","",2024-09-05 14:24:28.927000000
53101,46,1,"","",2024-08-29 13:10:23.813000000
53104,32,1,"","",2022-01-18 13:18:14.173000000
53105,22,1,"","",2019-10-16 21:55:24.117000000
53124,37,1,"","",2025-01-24 13:42:36.390000000
53134,84,1,"","",2023-11-22 12:43:03.567000000
53252,236,1,"","",2025-09-19 15:05:01.340000000
53296,22,1,"","",2025-10-06 12:11:07.290000000
53304,16,1,"","",2025-09-23 11:39:32.893000000
53322,16,1,"","",2025-09-16 14:35:04.563000000
53352,13,1,"","",2025-09-23 11:39:33.030000000
53359,35,1,"","",2025-09-23 11:39:33.410000000
53387,33,1,"","",2025-09-17 19:24:15.400000000
53399,13,1,"","",2019-11-07 15:59:39.843000000
53423,16,1,"","",2019-09-30 14:29:56.327000000
53435,11,1,"","",2023-01-11 18:34:32.457000000
53441,10,1,"","",2019-09-26 17:30:03.900000000
53444,14,1,"","",2023-01-10 20:56:52.943000000
53472,18,1,"","",2019-12-03 21:10:27.233000000
53480,14,1,"","",2019-10-15 14:36:38.477000000
53482,13,1,"","",2019-10-24 00:19:11.027000000
53484,16,1,"","",2019-10-15 14:52:43.663000000
53488,11,1,"","",2019-10-02 12:44:20.710000000
53497,15,1,"","",2023-01-11 13:47:04.473000000
53531,22,1,"","",2024-09-09 13:22:00.807000000
53538,15,1,"","",2019-10-15 15:07:32.127000000
53558,29,1,"","",2022-01-18 12:58:03.897000000
53605,21,1,"","",2021-07-08 12:10:04.610000000
53702,19,1,"","",2019-11-11 14:30:33.460000000
53708,16,1,"","",2019-10-30 14:47:41.280000000
53773,20,1,"","",2024-01-12 15:56:27.963000000
53775,34,1,"","",2025-01-07 15:40:50.413000000
53778,14,1,"","",2019-09-25 21:21:37.710000000
53781,17,1,"","",2024-01-11 16:38:49.730000000
53784,15,1,"","",2020-08-12 19:50:20.297000000
53793,33,1,"","",2025-03-11 16:51:47.957000000
53883,26,1,"","",2024-03-01 14:33:37.187000000
53972,10,1,"","",2025-09-23 11:39:33.543000000
53986,18,1,"","",2024-12-04 18:18:01.190000000
53988,20,1,"<p>Part A Providers: ICD-10-PCS codes</p>","5A02116
5A0211D
5A02216
5A0221D",2024-12-04 17:54:48.093000000
54018,33,1,"","",2023-07-21 17:08:27.447000000
54021,26,1,"","",2024-05-24 15:25:57.833000000
54061,20,1,"","",2025-09-16 14:35:03.970000000
54095,68,1,"","",2025-09-26 17:04:49.620000000
54111,50,1,"","",2025-09-26 17:14:51.407000000
54117,118,1,"","",2024-11-08 19:49:41.237000000
54188,33,1,"","",2024-08-28 20:13:45.940000000
54191,27,1,"","",2023-11-08 18:44:29.923000000
54192,22,1,"","",2024-05-29 21:01:58.843000000
54194,23,1,"","",2023-11-14 18:27:56.970000000
54195,22,1,"","",2023-11-15 12:11:05.563000000
54196,20,1,"","",2023-11-15 12:12:26.473000000
54257,14,1,"","",2023-11-08 16:53:27.487000000
54269,14,1,"","",2023-11-14 18:04:43.270000000
54270,16,1,"","",2023-11-14 18:06:31.843000000
54283,15,1,"","",2023-11-15 12:26:18.477000000
54295,27,1,"","",2023-11-10 16:31:04.927000000
54300,16,1,"","",2023-11-07 15:46:52.110000000
54327,7,1,"","",2023-11-07 15:11:38.740000000
54338,55,1,"","",2025-08-29 17:41:30
54386,37,1,"<p>N/A</p>","",2024-08-29 12:08:32.187000000
54388,33,1,"<p>N/A</p>","",2024-08-29 12:09:34.220000000
54418,27,1,"<p>N/A</p>","",2023-11-22 15:31:11.050000000
54420,26,1,"<p>N/A</p>","",2023-11-22 15:31:32.963000000
54422,20,1,"<p>N/A</p>","",2024-05-24 11:58:39.210000000
54424,19,1,"<p>N/A</p>","",2024-05-24 11:59:25.307000000
54445,26,1,"<p>N/A</p>","",2023-11-22 16:55:44.950000000
54447,25,1,"<p>N/A</p>","",2025-09-18 20:33:55.410000000
54472,30,1,"","",2023-02-20 19:12:21.920000000
54480,15,1,"","",2025-09-22 13:50:29.107000000
54482,15,1,"","",2025-09-22 13:52:42.440000000
54484,12,1,"","",2025-09-18 20:04:08.407000000
54486,12,1,"","",2025-09-18 20:06:42.423000000
54498,23,1,"<p>N/A</p>","",2023-11-22 15:32:47.623000000
54500,23,1,"<p>N/A</p>","",2025-09-19 14:11:02.560000000
54548,35,1,"","",2025-09-17 14:15:48.243000000
54555,18,1,"","",2024-01-12 16:25:49.517000000
54559,12,1,"","",2021-08-30 15:52:16.330000000
54602,21,1,"","",2024-12-19 16:06:15.497000000
54635,31,1,"<p>N/A</p>","",2025-09-16 14:35:04.703000000
54641,13,1,"","",2023-11-17 12:43:00.327000000
54643,13,1,"","",2023-11-17 12:44:31.587000000
54660,13,1,"","",2023-11-17 12:42:27.937000000
54662,13,1,"","",2023-11-17 12:44:01.773000000
54682,34,1,"","",2024-01-25 15:14:26.227000000
54685,17,1,"","",2023-11-08 15:22:47.910000000
54686,22,1,"","",2024-09-14 23:02:26.857000000
54688,23,1,"","",2023-11-08 18:48:22.190000000
54689,32,1,"","",2023-11-07 18:21:10.837000000
54750,13,1,"","",2019-10-28 17:04:55.113000000
54767,66,1,"","",2025-08-25 15:18:39.620000000
54768,38,1,"","",2025-08-14 14:11:33.583000000
54769,27,1,"","",2022-01-18 13:00:18.320000000
54795,42,1,"<p>N/A</p>","",2024-03-15 10:14:22.833000000
54799,59,1,"","",2025-06-16 15:33:57.470000000
54830,9,1,"","",2024-04-05 20:59:32.520000000
54831,28,1,"","",2023-08-24 15:36:23.520000000
54832,14,1,"","",2024-03-28 13:08:54.860000000
54880,10,1,"","",2025-06-05 17:08:18.767000000
54901,27,1,"","",2024-03-15 17:01:26.050000000
54909,24,1,"","",2023-09-22 19:02:46.900000000
54923,41,1,"","",2025-04-24 15:45:55.073000000
54926,25,1,"","",2025-05-09 14:50:07.583000000
54929,39,1,"","",2025-09-18 16:52:51.230000000
54931,34,1,"","",2025-09-18 16:50:55.513000000
54954,28,1,"","",2023-01-20 14:21:01.810000000
54958,26,1,"<p>N/A</p>","",2025-08-21 19:30:06.680000000
54961,20,1,"","",2025-03-18 17:18:10.830000000
54969,51,1,"<p><strong>Documentation Requirements<br /></strong>The patient's medical records must clearly document the medical necessity for the test. It is not necessary to include documentation with each claim submission. Data gathered during NCS, however, should be available which reflect the actual numbers (latency, amplitude, etc.), preferably in a tabular (not narrative) format. The reason for referral and a clear diagnostic impression are required for each study. In cases where a review becomes necessary, either a hard copy of waveforms or a complete written report with an interpretation of the test must be submitted upon request.<br /><br />Normal findings and abnormalities uncovered during the study should be documented with the muscles tested, the presence and type of spontaneous activity, as well as the characteristics of the voluntary unit potentials and interpretation.</p>","",2025-09-22 11:54:16.820000000
54975,16,1,"<p>N/A</p>","",2023-11-22 15:12:08.713000000
54976,15,1,"<p>N/A</p>","",2023-11-22 15:12:32.280000000
54982,28,1,"","",2025-05-09 14:48:53.157000000
54992,42,1,"<p><strong>Documentation Requirements<br /></strong><span style=""color: #000000; text-transform: none; text-indent: 0px; letter-spacing: normal; font-family: Verdana, Arial, Helvetica, sans-serif; font-size: 14px; font-style: normal; font-weight: 400; word-spacing: 0px; float: none; display: inline !important; white-space: normal; orphans: 2; widows: 2; background-color: #ffffff; -webkit-text-stroke-width: 0px; font-variant-ligatures: normal; font-variant-caps: normal; text-decoration-style: initial; text-decoration-color: initial;"">The patient's medical records must clearly document the medical necessity for the test. It is not necessary to include documentation with each claim submission. Data gathered during NCS, however, should be available which reflect the actual numbers (latency, amplitude, etc.), preferably in a tabular (not narrative) format. The reason for referral and a clear diagnostic impression are required for each study. In cases where a review becomes necessary, either a hard copy of waveforms or a complete written report with an interpretation of the test must be submitted upon request.</span><br style=""color: #000000; text-transform: none; text-indent: 0px; letter-spacing: normal; font-family: Verdana, Arial, Helvetica, sans-serif; font-size: 14px; font-style: normal; font-weight: 400; word-spacing: 0px; white-space: normal; orphans: 2; widows: 2; background-color: #ffffff; -webkit-text-stroke-width: 0px; font-variant-ligatures: normal; font-variant-caps: normal; text-decoration-style: initial; text-decoration-color: initial;"" /><br style=""color: #000000; text-transform: none; text-indent: 0px; letter-spacing: normal; font-family: Verdana, Arial, Helvetica, sans-serif; font-size: 14px; font-style: normal; font-weight: 400; word-spacing: 0px; white-space: normal; orphans: 2; widows: 2; background-color: #ffffff; -webkit-text-stroke-width: 0px; font-variant-ligatures: normal; font-variant-caps: normal; text-decoration-style: initial; text-decoration-color: initial;"" /><span style=""color: #000000; text-transform: none; text-indent: 0px; letter-spacing: normal; font-family: Verdana, Arial, Helvetica, sans-serif; font-size: 14px; font-style: normal; font-weight: 400; word-spacing: 0px; float: none; display: inline !important; white-space: normal; orphans: 2; widows: 2; background-color: #ffffff; -webkit-text-stroke-width: 0px; font-variant-ligatures: normal; font-variant-caps: normal; text-decoration-style: initial; text-decoration-color: initial;"">Normal findings and abnormalities uncovered during the study should be documented with the muscles tested, the presence and type of spontaneous activity, as well as the characteristics of the voluntary unit potentials and interpretation.</span></p>","",2025-09-22 11:55:29.817000000
55001,65,1,"<p>N/A</p>","",2025-08-06 17:50:58.087000000
55028,44,1,"<p>N/A</p>","",2025-10-08 13:33:17.350000000
55029,35,1,"<p>N/A</p>","",2025-09-22 16:31:29.460000000
55044,18,1,"","",2025-09-23 11:39:33.113000000
55056,13,1,"","",2023-11-17 12:43:34.073000000
55057,11,1,"","",2023-11-17 12:44:56.770000000
55061,11,1,"","",2025-09-16 14:35:05.010000000
55069,26,1,"","",2025-08-14 17:49:02.353000000
55115,14,1,"<p>N/A</p>","",2023-11-22 15:20:48.820000000
55116,14,1,"<p>N/A</p>","",2023-11-22 15:21:21.853000000
55134,36,1,"","",2023-02-10 18:05:23.273000000
55136,19,1,"<p>N/A</p>","",2024-01-24 13:36:42.887000000
55146,13,1,"<p>N/A</p>","",2023-11-20 15:11:16.660000000
55147,30,1,"<p>N/A</p>","",2024-09-17 12:22:13.517000000
55161,23,1,"","",2023-08-23 17:01:04.930000000
55162,18,1,"","",2024-07-24 17:41:33.293000000
55169,13,1,"<p>N/A</p>","",2023-10-18 12:30:06.633000000
55175,23,1,"","",2023-11-20 15:30:12.350000000
55193,14,1,"","",2024-06-18 13:35:42.973000000
55197,33,1,"","",2024-03-20 14:46:01.203000000
55200,35,1,"<p>N/A</p>","",2023-12-20 17:43:28.123000000
55206,18,1,"<p>N/A</p>","",2023-11-20 17:27:56.723000000
55210,13,1,"<p>N/A</p>","",2024-01-23 20:17:17.087000000
55215,9,1,"","",2025-09-16 14:35:04.873000000
55224,35,1,"<p>N/A</p>","",2025-09-18 16:49:44.967000000
55227,19,1,"","",2025-08-14 17:32:58.547000000
55229,40,1,"","",2025-01-24 17:22:42.533000000
55230,16,1,"<p>N/A</p>","",2023-10-18 12:47:35.680000000
55231,15,1,"","",2024-01-23 20:24:09.510000000
55233,21,1,"","",2024-09-17 14:09:15.737000000
55235,15,1,"","",2023-07-19 14:22:47.760000000
55239,58,1,"<p>N/A</p>","",2025-09-24 14:29:36.840000000
55240,25,1,"","",2023-01-20 14:25:14.487000000
55264,13,1,"<p>N/A</p>","",2023-11-22 16:47:04.110000000
55265,12,1,"<p>N/A</p>","",2023-11-22 16:47:25.297000000
55294,33,1,"<p>N/A</p>","",2025-08-29 14:09:44.773000000
55295,29,1,"<p>N/A</p>","",2025-08-29 14:08:56.737000000
55310,12,1,"","",2025-08-28 12:06:50.747000000
55315,17,1,"","",2025-09-26 22:10:36.750000000
55323,51,1,"<p>N/A</p>","",2025-09-24 14:30:26.043000000
55326,39,1,"","",2023-11-16 19:26:40.177000000
55327,35,1,"","",2025-10-06 12:09:44.363000000
55336,49,1,"","",2025-08-21 12:24:18.663000000
55354,35,1,"","",2023-06-05 13:31:53.183000000
55478,12,1,"","",2025-09-16 14:35:03.853000000
55503,5,1,"","",2023-11-22 16:23:07.627000000
55530,34,1,"","",2025-06-20 20:58:13.010000000
55531,33,1,"","",2025-06-20 20:58:34.330000000
55584,19,1,"","",2025-09-16 14:35:04.443000000
55595,16,1,"<p>N/A</p>","",2024-09-09 15:11:52.240000000
55596,12,1,"<p>N/A</p>","",2023-11-22 18:55:46.783000000
55597,23,1,"<p>N/A</p>","",2023-11-22 18:26:56.953000000
55600,16,1,"<p>N/A</p>","",2024-09-09 15:12:58.510000000
55601,12,1,"<p>N/A</p>","",2023-11-22 18:56:05.343000000
55602,23,1,"<p>N/A</p>","",2023-11-22 18:27:18.327000000
55621,15,1,"","",2024-04-16 14:17:44.710000000
55623,15,1,"<p>N/A</p>","",2023-11-22 18:53:25.223000000
55624,33,1,"<p>N/A</p>","",2024-03-15 16:08:50.787000000
55628,13,1,"<p>N/A</p>","",2023-11-22 18:53:57.547000000
55639,49,1,"<p>N/A</p>","",2025-09-16 19:26:30.193000000
55672,25,1,"","",2023-11-20 14:31:32.130000000
55675,25,1,"<p>N/A</p>","",2025-10-06 18:48:48.640000000
55676,23,1,"","",2023-11-16 19:38:32.650000000
55695,21,1,"","",2023-05-23 12:49:05.603000000
55703,25,1,"","",2024-06-18 14:15:30.520000000
55709,11,1,"","",2024-04-16 15:08:02.697000000
55711,23,1,"<p>N/A</p>","",2025-09-18 19:52:22.330000000
55712,21,1,"<p>N/A</p>","",2025-09-18 19:56:50.040000000
55715,12,1,"","",2025-01-31 19:32:23.020000000
55716,11,1,"","",2023-11-08 15:14:20.587000000
55717,26,1,"","",2025-08-18 16:43:45.630000000
55723,44,1,"","",2023-01-20 12:02:27.797000000
55738,17,1,"<p>N/A</p>","",2023-06-22 12:58:52.267000000
55754,22,1,"","",2025-09-16 14:35:04.627000000
55769,14,1,"","",2025-10-06 18:48:48.950000000
55770,10,1,"","",2023-11-22 16:06:55.330000000
55774,13,1,"","",2025-09-23 11:39:33.280000000
55818,23,1,"","",2025-01-24 16:25:19.773000000
55835,15,1,"","",2025-02-21 19:20:57.997000000
55909,44,1,"<p>N/A</p>","",2025-09-18 20:00:07.817000000
55913,9,1,"","",2024-12-17 15:26:40.660000000
55937,42,1,"","",2025-09-26 14:12:00.873000000
55951,17,1,"<p>N/A</p>","",2025-08-22 17:41:11.207000000
56006,19,1,"","",2023-12-21 20:09:49.663000000
56008,11,1,"","",2024-11-13 18:17:30.607000000
56025,16,1,"","",2025-09-23 11:39:33.787000000
56027,10,1,"","",2025-09-23 11:39:33.193000000
56034,39,1,"","",2025-09-25 15:58:50.390000000
56050,14,1,"","",2025-01-31 17:18:53.760000000
56065,23,1,"","",2022-11-15 01:52:19.983000000
56071,23,1,"<p>N/A</p>","N/A",2025-10-06 18:48:48.893000000
56072,13,1,"","",2024-01-23 18:41:24.377000000
56073,21,1,"<p>N/A</p>","N/A",2024-12-23 12:03:03.797000000
56083,13,1,"","",2025-07-29 21:06:32.223000000
56103,13,1,"<p>N/A</p>","",2024-01-23 13:23:59.673000000
56104,15,1,"<p>N/A</p>","",2024-01-23 13:24:38.447000000
56106,14,1,"","",2024-01-30 20:17:52.810000000
56141,39,1,"","",2020-11-12 22:00:17.003000000
56152,34,1,"","",2025-09-18 16:59:29.337000000
56157,15,1,"","",2024-07-24 17:35:19.193000000
56159,22,1,"","",2025-02-21 19:47:22.407000000
56178,20,1,"","",2023-11-20 14:25:43.630000000
56199,122,1,"","",2025-09-15 19:25:10.450000000
56232,34,1,"<p>N/A</p>","",2025-09-17 16:31:13.063000000
56248,11,1,"","",2019-09-11 17:34:42.857000000
56273,28,1,"<p>N/A</p>","",2025-08-22 18:58:44.840000000
56287,18,1,"","",2024-05-31 13:37:46.927000000
56289,13,1,"","",2025-09-15 17:14:25.357000000
56326,27,1,"","",2023-02-22 21:51:03.283000000
56333,11,1,"<p>N/A</p>","",2023-07-19 14:40:42.770000000
56335,14,1,"<p>N/A</p>","",2025-04-25 18:44:23.473000000
56340,31,1,"","",2025-09-16 14:35:04.817000000
56346,22,1,"","",2025-04-29 15:21:50.770000000
56380,56,1,"","",2025-08-26 12:14:59.310000000
56384,7,1,"","",2019-10-08 18:32:34.983000000
56389,36,1,"","",2025-08-21 14:33:49.347000000
56390,11,1,"","",2023-01-10 14:47:11.903000000
56391,35,1,"","",2025-04-25 19:04:33.413000000
56394,27,1,"","",2025-01-23 15:03:39.173000000
56395,17,1,"","",2024-08-21 18:36:38.713000000
56396,11,1,"","",2023-01-17 15:54:03.993000000
56414,41,1,"","",2025-09-26 13:53:43.273000000
56416,42,1,"","",2025-09-26 13:54:31.447000000
56419,20,1,"","",2023-04-10 13:11:15.733000000
56420,16,1,"","",2023-01-20 12:04:01.640000000
56421,36,1,"","",2025-08-14 19:15:19.280000000
56422,42,1,"","",2025-09-26 17:07:36.283000000
56423,56,1,"","",2023-10-20 12:30:52.923000000
56424,19,1,"","",2025-09-17 12:36:13.090000000
56425,15,1,"","",2024-11-25 20:48:14.177000000
56431,6,1,"","",2021-02-25 20:08:16.837000000
56432,22,1,"","",2025-08-18 13:17:40.240000000
56433,84,1,"","",2025-10-10 12:32:13.857000000
56439,16,1,"","",2024-10-29 11:43:46.440000000
56440,43,1,"","",2023-12-08 14:08:27.943000000
56448,21,1,"","",2024-11-26 18:07:16.607000000
56451,26,1,"","",2025-09-30 23:46:16.947000000
56452,20,1,"","",2024-11-25 20:49:42.990000000
56453,12,1,"","",2025-09-18 20:06:23.033000000
56454,11,1,"","",2025-01-31 19:17:58.123000000
56455,11,1,"","",2025-01-31 19:27:42.017000000
56456,26,1,"","",2025-09-17 13:01:26.940000000
56457,14,1,"","",2025-09-18 20:18:24.227000000
56459,26,1,"","",2025-09-26 22:09:04.863000000
56460,13,1,"","",2025-01-31 16:56:12.017000000
56461,25,1,"","",2025-09-17 17:32:27.393000000
56462,30,1,"","",2025-02-25 17:23:48.610000000
56464,34,1,"","",2025-09-17 17:39:46.207000000
56465,15,1,"","",2025-03-18 15:40:35.343000000
56467,12,1,"","",2025-03-18 15:44:50.550000000
56471,17,1,"","",2025-01-31 19:02:27.797000000
56472,22,1,"","",2025-09-17 17:45:56.367000000
56476,35,1,"","",2025-08-14 14:47:37.890000000
56482,48,1,"","",2025-10-10 12:33:37.807000000
56491,25,1,"","",2025-03-18 16:49:18.667000000
56493,12,1,"","",2024-10-29 12:14:15.503000000
56494,15,1,"","",2025-01-31 19:11:47.887000000
56497,20,1,"","",2021-02-09 13:54:19.167000000
56500,38,1,"","",2025-09-18 12:36:20.447000000
56502,8,1,"","",2023-11-20 14:21:05.533000000
56503,12,1,"","",2024-12-17 16:47:49.517000000
56505,37,1,"","",2025-01-24 13:49:31.130000000
56514,24,1,"<p>N/A</p>","",2025-03-24 15:55:09.810000000
56515,20,1,"<p>N/A</p>","",2025-03-24 15:57:08.647000000
56518,26,1,"<p>N/A</p>","",2024-03-15 16:08:02.270000000
56531,19,1,"","",2024-08-12 18:11:49.580000000
56537,40,1,"","",2025-09-15 17:47:44.487000000
56538,27,1,"","",2025-09-26 13:55:13.927000000
56541,40,1,"","",2024-01-19 13:04:01.020000000
56542,18,1,"","",2025-09-26 17:08:20.453000000
56544,27,1,"","",2025-09-15 17:40:06.963000000
56545,14,1,"","",2024-11-13 14:10:50.020000000
56548,19,1,"","",2025-09-15 17:41:11.797000000
56549,12,1,"","",2019-09-11 17:42:04.793000000
56550,11,1,"","",2019-09-11 17:48:24.993000000
56551,33,1,"","",2025-09-15 17:52:40.843000000
56558,83,1,"","",2025-09-26 13:56:04.793000000
56559,26,1,"","",2025-08-13 21:55:26.060000000
56562,33,1,"","",2024-08-08 18:59:19.520000000
56565,16,1,"","",2023-08-16 21:42:14.367000000
56566,38,1,"","",2024-12-19 16:08:58.573000000
56572,21,1,"","",2024-06-04 13:39:36.730000000
56573,19,1,"<p>N/A</p>","",2024-06-04 13:40:09.727000000
56580,30,1,"","",2025-08-14 18:31:13.100000000
56584,14,1,"","",2023-07-06 14:41:36.987000000
56587,43,1,"","",2025-01-24 17:36:21.210000000
56588,27,1,"","",2024-09-23 10:43:36.337000000
56594,13,1,"","",2025-03-18 17:14:00.260000000
56602,39,1,"","",2025-01-24 13:51:55.847000000
56605,15,1,"","",2023-08-16 20:39:16.413000000
56606,19,1,"","",2024-12-17 17:20:51.037000000
56607,19,1,"","",2025-08-21 14:15:19.040000000
56609,17,1,"","",2024-02-13 22:15:19.573000000
56610,13,1,"","",2023-11-06 15:53:06.307000000
56611,15,1,"","",2025-08-14 16:11:19.143000000
56612,33,1,"","",2025-08-20 18:07:27.050000000
56613,17,1,"","",2025-08-14 16:13:18.743000000
56614,23,1,"","",2025-04-09 14:26:14.143000000
56615,36,1,"","",2025-09-26 13:56:51.233000000
56616,11,1,"","",2024-12-13 15:16:30.777000000
56617,25,1,"","",2023-12-19 12:47:27.623000000
56619,33,1,"","",2025-08-20 14:53:32.647000000
56621,26,1,"","",2025-08-14 12:30:33.993000000
56625,36,1,"","",2025-08-19 15:00:46.830000000
56631,19,1,"","",2023-10-20 11:53:00.740000000
56632,31,1,"","",2025-08-14 17:16:03.240000000
56633,47,1,"","",2023-11-09 23:50:23.017000000
56636,18,1,"","",2024-06-18 13:29:51.540000000
56638,37,1,"","",2025-07-09 18:47:27.233000000
56639,20,1,"","",2025-08-14 13:23:36.790000000
56640,16,1,"","",2019-09-06 18:27:01.203000000
56641,18,1,"","",2025-08-14 13:58:38.180000000
56642,47,1,"","",2025-07-09 18:46:27.890000000
56644,29,1,"","",2025-09-26 14:04:44.163000000
56645,48,1,"","",2024-10-18 13:49:36.077000000
56646,23,1,"","",2025-08-21 14:10:45.613000000
56647,32,1,"","",2023-11-09 23:51:49.853000000
56648,19,1,"","",2023-10-19 18:16:12.083000000
56651,36,1,"","",2023-11-09 11:41:10.577000000
56653,15,1,"","",2024-05-31 13:36:54.777000000
56658,36,1,"","",2025-08-13 19:55:10.530000000
56666,19,1,"","",2023-01-20 12:03:14.153000000
56669,16,1,"","",2024-07-23 15:40:31.867000000
56670,58,1,"","",2024-09-13 13:11:16.630000000
56672,16,1,"","",2024-10-18 12:45:48.190000000
56673,14,1,"","",2024-12-13 15:17:19.270000000
56674,11,1,"","",2025-04-09 14:28:57.683000000
56675,25,1,"","",2024-09-05 14:28:59.527000000
56679,9,1,"","",2024-08-22 14:02:01.950000000
56680,40,1,"","",2025-08-19 15:25:14.847000000
56681,34,1,"","",2023-11-09 11:38:02.710000000
56682,49,1,"","",2025-10-03 12:28:15.217000000
56684,17,1,"","",2025-09-12 14:35:09.643000000
56685,17,1,"","",2024-08-26 14:04:30.440000000
56686,16,1,"","",2024-12-17 17:34:18.780000000
56690,17,1,"","",2024-12-17 19:11:39.420000000
56691,28,1,"","",2025-08-14 13:49:00.383000000
56692,18,1,"","",2025-09-19 13:03:56.347000000
56695,24,1,"","",2025-08-25 13:18:53.060000000
56696,35,1,"","",2025-08-29 17:08:45.337000000
56697,43,1,"","",2025-09-17 18:00:37.903000000
56703,17,1,"","",2024-06-24 12:34:07.997000000
56704,10,1,"","",2022-03-04 13:36:36.317000000
56717,31,1,"","",2025-08-19 10:55:44.237000000
56718,33,1,"","",2025-08-25 13:33:06.260000000
56722,23,1,"","",2025-09-26 17:44:04.803000000
56724,5,1,"","",2019-10-09 15:05:14.870000000
56726,42,1,"","",2025-09-16 20:15:30.950000000
56727,21,1,"","",2025-08-18 15:58:46.440000000
56729,21,1,"","",2025-08-25 14:13:13.293000000
56730,23,1,"","",2025-08-22 15:24:21.693000000
56731,16,1,"","",2023-12-27 19:22:55.533000000
56732,15,1,"","",2023-12-20 18:54:09.253000000
56737,30,1,"","",2024-09-18 13:08:04.170000000
56743,22,1,"","",2023-09-21 16:50:48.543000000
56747,28,1,"","",2025-07-10 20:15:43.277000000
56748,29,1,"","",2025-08-20 14:04:13.690000000
56754,4,1,"","",2019-09-26 17:24:10.563000000
56756,20,1,"","",2023-11-03 14:52:03.387000000
56758,61,1,"","",2025-09-18 11:59:03.780000000
56766,24,1,"","",2025-09-17 16:21:00.040000000
56767,25,1,"","",2025-09-15 17:44:09.317000000
56769,18,1,"","",2025-08-14 15:14:15.403000000
56771,25,1,"","",2024-09-17 12:35:02.153000000
56773,30,1,"","",2025-09-26 13:57:32.637000000
56774,22,1,"","",2025-08-14 11:51:29.530000000
56775,24,1,"","",2025-08-25 13:56:05.003000000
56777,12,1,"","",2024-02-19 14:55:29.040000000
56779,18,1,"","",2025-09-18 12:10:35.593000000
56781,36,1,"","",2025-09-15 17:49:24.897000000
56784,18,1,"","",2024-08-12 15:21:08.950000000
56786,50,1,"","",2025-09-26 17:09:45.937000000
56787,23,1,"","",2023-09-21 18:53:49.323000000
56792,11,1,"","",2023-08-07 14:15:22.320000000
56793,34,1,"","",2025-08-01 18:16:49.043000000
56795,34,1,"","",2025-04-23 19:27:45.477000000
56796,26,1,"","",2022-06-17 12:46:07.833000000
56797,14,1,"","",2025-07-16 11:32:32.620000000
56798,28,1,"","",2025-07-29 15:17:54.263000000
56799,27,1,"","",2025-09-26 22:19:09.157000000
56802,18,1,"","",2025-09-26 22:16:16.490000000
56805,41,1,"","",2025-09-26 17:13:53.943000000
56808,15,1,"","",2025-09-26 22:12:16.473000000
56809,20,1,"","",2025-08-29 17:15:27.267000000
56811,13,1,"","",2025-09-19 13:08:35.847000000
56816,15,1,"","",2025-01-31 19:38:16.157000000
56818,50,1,"","",2025-08-22 12:14:24.170000000
56823,15,1,"","",2023-09-21 13:10:39.967000000
56825,20,1,"","",2025-08-14 15:48:46.897000000
56826,11,1,"","",2019-11-01 14:09:37.940000000
56827,16,1,"","",2025-09-15 17:38:34.113000000
56836,17,1,"","",2025-04-30 17:13:11.903000000
56837,17,1,"","",2024-12-19 16:28:17.827000000
56838,13,1,"","",2024-05-21 14:16:40.220000000
56841,18,1,"","",2023-10-20 11:51:57.267000000
56844,25,1,"","",2025-09-17 16:48:38.257000000
56845,11,1,"","",2025-09-15 17:50:38.290000000
56848,16,1,"","",2025-01-24 13:54:22.773000000
56850,32,1,"","",2024-12-19 12:51:50.673000000
56852,22,1,"","",2025-08-13 19:37:56.937000000
56853,92,1,"","",2025-08-09 02:58:45.043000000
56857,7,1,"","",2021-06-30 12:24:42.630000000
56859,7,1,"","",2021-02-02 17:28:11.637000000
56863,14,1,"","",2023-11-20 14:45:57.260000000
56865,28,1,"","",2024-09-19 20:58:14.570000000
56866,18,1,"","",2024-09-24 14:32:53.210000000
56867,38,1,"","",2025-09-15 17:42:25.147000000
56868,30,1,"","",2025-08-22 19:20:56.300000000
56869,12,1,"","",2024-12-17 20:18:35.420000000
56870,7,1,"","",2021-11-16 13:03:11.397000000
56871,19,1,"","",2024-12-16 20:11:02.057000000
56872,10,1,"","",2023-07-21 15:01:18.907000000
56874,28,1,"","",2024-12-19 16:40:06.087000000
56875,11,1,"","",2021-09-09 12:14:43.137000000
56876,18,1,"","",2023-12-28 16:40:58.697000000
56881,10,1,"","",2025-08-01 00:19:51.070000000
56884,13,1,"","",2023-11-08 17:11:56.853000000
56885,14,1,"","",2023-11-10 16:46:18.920000000
56887,11,1,"","",2023-11-15 12:11:45.740000000
56898,15,1,"","",2021-06-15 12:08:48.117000000
56899,11,1,"","",2024-10-31 13:10:46.857000000
56900,23,1,"<p>N/A</p>","",2025-09-17 17:04:28.430000000
56902,47,1,"","",2025-01-23 15:36:23.530000000
56903,15,1,"","",2025-06-18 17:23:38.897000000
56905,17,1,"","",2025-06-18 16:57:19.810000000
56906,13,1,"","",2022-06-20 12:58:59.423000000
56907,22,1,"","",2024-09-17 13:31:38.587000000
56908,17,1,"<p>N/A</p>","",2025-01-21 18:35:44.110000000
56910,9,1,"","",2025-07-16 16:14:38.410000000
56913,13,1,"","",2023-07-07 13:48:57.527000000
56914,16,1,"","",2025-08-22 19:24:09.703000000
56915,28,1,"<p>N/A</p>","",2024-09-17 13:48:15.020000000
56916,31,1,"<p>N/A</p>","",2025-09-18 19:28:09.070000000
56923,16,1,"","",2023-01-20 12:08:35.173000000
56924,11,1,"","",2023-07-03 13:03:52.667000000
56926,16,1,"","",2025-07-31 18:55:04.797000000
56929,15,1,"","",2023-09-14 20:07:55.920000000
56933,9,1,"","",2022-10-10 12:44:24.133000000
56937,39,1,"","",2025-09-17 20:24:47.020000000
56938,46,1,"","",2022-01-14 13:50:48.150000000
56940,11,1,"","",2025-02-06 19:27:32.867000000
56941,7,1,"","",2021-10-07 11:42:28.927000000
56943,17,1,"","",2025-08-22 15:02:45.107000000
56948,23,1,"","",2025-08-18 19:13:33.120000000
56949,7,1,"","",2021-04-15 12:17:13.240000000
56952,47,1,"","",2023-10-20 12:31:31.613000000
56953,25,1,"","",2022-01-14 13:57:32.370000000
56954,5,1,"","",2022-10-18 16:39:07.977000000
56957,9,1,"","",2021-12-22 16:14:23.920000000
56961,16,1,"","",2022-05-26 13:32:06.877000000
56962,8,1,"","",2021-09-09 12:21:17.030000000
56963,12,1,"","",2021-09-29 12:07:10.587000000
56973,64,1,"","",2025-08-15 12:08:01.990000000
56980,12,1,"","",2025-06-11 12:08:10.683000000
56981,16,1,"","",2023-11-08 18:29:32.490000000
56982,15,1,"","",2025-06-11 12:09:58.930000000
56983,12,1,"","",2024-08-14 19:41:57.107000000
56985,15,1,"","",2023-11-08 18:39:49.470000000
56988,16,1,"","",2024-11-25 20:52:59.850000000
56989,11,1,"","",2023-11-08 16:59:19.827000000
56995,15,1,"","",2024-02-28 14:33:00.330000000
56997,18,1,"","",2025-04-30 19:24:05.710000000
56998,10,1,"","",2023-11-15 12:09:43.240000000
57020,5,1,"","",2023-11-20 14:53:05.453000000
57021,19,1,"","",2024-01-29 16:47:57.563000000
57024,15,1,"","",2024-03-01 16:07:08.910000000
57025,21,1,"<p>N/A</p>","",2025-01-24 13:58:48.677000000
57029,10,1,"","",2022-10-28 13:23:02.550000000
57030,10,1,"","",2020-09-24 18:45:51.140000000
57034,11,1,"","",2024-11-08 16:17:10.460000000
57037,23,1,"<p>N/A</p>","",2025-08-22 13:16:38.123000000
57038,16,1,"","",2025-08-29 17:00:59.310000000
57039,9,1,"","",2025-08-29 16:39:28.090000000
57040,25,1,"","",2025-07-29 15:14:59.310000000
57041,20,1,"","",2025-09-18 17:21:05.110000000
57043,23,1,"","",2025-09-18 18:06:36.480000000
57044,17,1,"","",2025-09-18 12:23:02.940000000
57047,11,1,"","",2023-12-29 17:47:55.453000000
57049,12,1,"","",2025-02-21 19:49:18.757000000
57050,12,1,"","",2025-03-28 21:09:07.923000000
57052,17,1,"","",2025-03-28 21:30:43.003000000
57053,21,1,"","",2025-03-28 21:33:22.457000000
57054,11,1,"","",2025-03-28 21:36:36.490000000
57055,20,1,"<p>N/A</p>","",2025-08-22 13:17:39.573000000
57056,44,1,"","",2025-10-03 12:29:19.400000000
57060,11,1,"","",2025-09-15 17:51:30.750000000
57063,29,1,"","",2025-09-26 17:19:11.057000000
57064,9,1,"","",2024-09-13 13:30:07.817000000
57065,28,1,"","",2025-09-18 20:24:31.423000000
57067,29,1,"","",2025-05-23 20:18:57.420000000
57068,16,1,"","",2025-09-18 18:21:24.103000000
57069,17,1,"","",2025-09-19 13:00:45.520000000
57070,15,1,"","",2025-05-23 19:06:30.630000000
57071,32,1,"","",2025-09-18 18:59:46.350000000
57072,17,1,"","",2023-06-29 17:20:47.947000000
57077,29,1,"","",2024-10-18 13:54:49.270000000
57079,9,1,"","",2025-09-04 18:58:45.107000000
57083,10,1,"<p>N/A</p>","N/A",2023-11-16 19:10:53.787000000
57084,14,1,"<p>N/A</p>","",2023-11-16 19:34:05.090000000
57092,24,1,"","",2025-10-09 13:05:38.610000000
57100,41,1,"<p>N/A</p>","",2025-07-23 17:48:55.023000000
57106,12,1,"","",2024-01-23 20:39:59.413000000
57110,17,1,"","",2024-09-17 14:04:25.463000000
57112,11,1,"<p>N/A</p>","",2024-06-18 13:50:35.530000000
57113,41,1,"","",2025-01-24 13:55:20.430000000
57114,13,1,"","",2023-10-20 12:48:40.383000000
57115,7,1,"","",2023-10-20 11:34:11.710000000
57118,3,1,"","",2019-10-02 17:03:59.117000000
57122,19,1,"","",2025-09-26 17:19:59.663000000
57123,61,1,"","",2025-09-26 17:05:42.530000000
57124,20,1,"<p>N/A</p>","",2024-09-04 13:31:03.897000000
57125,22,1,"","",2024-10-18 13:43:39.013000000
57130,51,1,"","",2025-09-26 13:58:25.640000000
57132,19,1,"","",2023-12-29 17:42:59.210000000
57141,39,1,"","",2025-06-27 21:06:15.163000000
57143,3,1,"","",2019-09-16 16:48:36.650000000
57145,29,1,"","",2025-09-26 14:07:12.537000000
57146,3,1,"","",2019-09-16 16:49:39.983000000
57149,16,1,"","",2025-02-25 17:37:36.610000000
57152,2,1,"","",2019-09-16 16:36:46.343000000
57155,15,1,"","",2024-09-30 18:28:44.027000000
57160,9,1,"","",2025-02-25 17:39:09.873000000
57161,18,1,"","",2025-09-23 16:50:43.850000000
57162,16,1,"","",2025-09-23 16:51:26.723000000
57165,13,1,"","",2023-11-14 19:04:54.770000000
57170,2,1,"","",2019-09-16 18:17:45.983000000
57174,2,1,"","",2019-09-16 19:16:53.607000000
57179,20,1,"","",2024-10-18 13:56:13.620000000
57181,37,1,"<p>N/A</p>","",2025-09-23 19:02:59.393000000
57183,20,1,"","",2025-10-06 18:48:48.507000000
57184,21,1,"","",2025-09-23 19:36:16.773000000
57185,31,1,"<p>N/A</p>","",2025-09-23 17:59:35.060000000
57186,29,1,"<p>N/A</p>","",2025-09-23 18:01:07.010000000
57187,28,1,"","",2025-09-22 11:44:55.287000000
57188,27,1,"","",2025-09-26 17:23:31.243000000
57189,28,1,"","",2025-10-06 18:48:51.333000000
57190,11,1,"","",2025-10-06 18:48:47.947000000
57191,9,1,"","",2025-06-25 20:35:38.490000000
57193,24,1,"","",2025-09-18 19:27:39.913000000
57194,30,1,"","",2025-09-22 11:46:04.347000000
57195,27,1,"","",2025-09-04 18:49:54.207000000
57198,26,1,"","",2024-09-25 21:25:29.947000000
57204,37,1,"","",2025-09-24 11:45:24.593000000
57205,36,1,"","",2025-09-26 17:27:08.007000000
57206,29,1,"<p>N/A</p>","",2025-09-23 19:45:45.217000000
57207,32,1,"<p>N/A</p>","",2025-09-23 19:49:23.420000000
57215,40,1,"","",2025-09-24 11:47:33.227000000
57221,25,1,"","",2025-10-06 18:48:49.537000000
57222,20,1,"","",2024-12-23 12:00:37.710000000
57224,61,1,"","",2025-10-06 18:48:50.297000000
57225,51,1,"","",2025-09-23 19:18:34.190000000
57236,20,1,"<p>N/A</p>","N/A",2025-09-19 15:48:11.050000000
57237,11,1,"<p>N/A</p>","",2025-10-06 18:48:48.720000000
57238,9,1,"<p>N/A</p>","",2023-11-16 19:38:56.747000000
57268,18,1,"<p>N/A</p>","",2023-11-22 16:59:05.993000000
57282,18,1,"","",2025-09-30 23:56:42.680000000
57284,13,1,"","",2025-05-30 21:01:43.587000000
57290,15,1,"<p>N/A</p>","",2023-11-22 16:59:26.813000000
57305,14,1,"","",2025-10-03 22:20:28.273000000
57306,39,1,"","",2025-09-26 22:14:54.043000000
57307,35,1,"","",2025-09-18 19:34:43.350000000
57311,32,1,"","",2025-09-18 20:29:10.603000000
57326,36,1,"","",2025-09-24 17:37:24.410000000
57327,33,1,"","",2025-09-24 17:46:54.120000000
57329,17,1,"<p>N/A</p>","N/A",2025-09-22 13:15:45.317000000
57330,15,1,"<p>N/A</p>","N/A",2023-11-22 18:28:58.850000000
57331,50,1,"<p>N/A</p>","N/A",2025-06-27 11:20:02.873000000
57332,49,1,"<p>N/A</p>","N/A",2025-06-27 11:21:32.640000000
57342,26,1,"","",2025-01-10 03:58:51.250000000
57343,26,1,"","",2025-01-10 04:02:43.297000000
57356,13,1,"<p>N/A</p>","",2023-11-22 19:36:08.540000000
57357,15,1,"<p>N/A</p>","",2025-09-19 14:02:09.297000000
57361,43,1,"","",2025-09-26 17:28:23.950000000
57363,13,1,"<p>N/A</p>","",2023-11-22 15:21:55.213000000
57364,13,1,"<p>N/A</p>","",2023-11-22 15:22:15.373000000
57372,17,1,"<p>N/A</p>","N/A",2023-11-22 18:30:46.670000000
57376,20,1,"<p>N/A</p>","",2024-09-04 13:31:36.107000000
57384,45,1,"<p>N/A</p>","",2025-09-22 13:26:41.860000000
57385,41,1,"<p>N/A</p>","",2025-09-22 13:28:42.423000000
57386,21,1,"","",2025-09-19 17:04:13.480000000
57414,30,1,"","",2025-09-26 13:59:14.443000000
57419,15,1,"","",2023-11-22 15:29:01.637000000
57420,13,1,"<p>N/A</p>","",2023-11-22 15:29:28.083000000
57423,15,1,"","",2025-09-23 13:11:13.073000000
57424,13,1,"","",2025-09-23 12:06:27.753000000
57427,10,1,"","",2024-09-18 18:25:56.063000000
57428,6,1,"","",2023-11-20 14:49:20.240000000
57431,10,1,"","",2024-12-19 16:42:06.250000000
57432,11,1,"<p>N/A</p>","",2025-09-22 19:07:11.617000000
57433,12,1,"<p>N/A</p>","",2025-09-22 19:08:07.113000000
57434,35,1,"","",2025-09-26 17:30:19.907000000
57435,22,1,"","",2025-06-26 14:34:46.143000000
57441,7,1,"","",2023-11-22 19:08:32.997000000
57449,24,1,"","",2025-09-26 17:31:39.990000000
57450,14,1,"","",2025-09-26 17:32:23.227000000
57451,38,1,"","",2024-01-19 13:06:50.443000000
57452,45,1,"","",2025-09-17 16:38:44.453000000
57453,4,1,"","",2019-10-18 14:26:48.697000000
57455,23,1,"","",2025-09-17 20:31:54.220000000
57465,8,1,"","",2023-11-22 19:08:49.740000000
57472,14,1,"","",2023-10-18 11:55:24.697000000
57473,33,1,"<p>N/A</p>","",2025-09-18 19:06:22.050000000
57474,33,1,"","",2025-09-17 17:39:35.363000000
57476,22,1,"<p>N/A</p>","",2025-08-22 17:27:55.950000000
57477,12,1,"<p>N/A</p>","",2024-10-22 12:33:24.597000000
57478,40,1,"<p>N/A</p>","",2025-09-16 18:52:15.150000000
57479,13,1,"","",2023-09-19 14:43:06.823000000
57480,26,1,"<p>N/A</p>","",2024-11-20 15:00:09.830000000
57481,12,1,"<p>N/A</p>","",2024-10-22 12:54:40.803000000
57482,20,1,"<p>N/A</p>","",2025-09-17 15:09:51.150000000
57483,28,1,"<p>N/A</p>","",2025-09-18 17:17:08.350000000
57484,21,1,"<p>N/A</p>","",2024-10-22 11:57:12.267000000
57486,9,1,"","",2023-11-22 17:29:47.820000000
57487,9,1,"","",2023-11-22 17:30:06.853000000
57496,14,1,"","",2024-05-10 11:50:10.197000000
57497,14,1,"<p>N/A</p>","",2023-11-16 19:11:25.220000000
57498,13,1,"<p>N/A</p>","N/A",2023-11-16 19:36:50.323000000
57503,17,1,"","",2022-03-24 15:26:39.803000000
57512,19,1,"<p>N/A</p>","",2025-09-04 19:01:26.470000000
57515,11,1,"<p>N/A</p>","",2023-11-22 19:43:56.503000000
57516,11,1,"<p>N/A</p>","",2025-09-19 18:49:51.137000000
57517,12,1,"<p>N/A</p>","",2025-09-19 18:51:28.673000000
57520,43,1,"","",2025-01-24 13:57:27.380000000
57526,82,1,"<p>N/A</p>","",2025-08-08 14:17:35.160000000
57527,78,1,"<p>N/A</p>","",2025-08-08 14:18:35.093000000
57528,4,1,"","",2019-10-18 14:20:26.670000000
57531,58,1,"","",2025-09-26 14:05:58.520000000
57540,15,1,"","",2025-09-26 17:40:20.540000000
57551,10,1,"","",2023-10-17 18:43:56.997000000
57552,17,1,"<p>N/A</p>","",2024-09-17 12:49:00.143000000
57554,36,1,"<p>N/A</p>","",2025-09-17 14:53:28.363000000
57558,11,1,"<p>N/A</p>","",2023-03-22 14:33:54.533000000
57559,20,1,"<p>N/A</p>","",2025-09-17 15:54:44.957000000
57560,10,1,"<p>N/A</p>","",2025-04-25 19:15:08.463000000
57566,11,1,"","",2024-06-18 13:24:59.227000000
57567,14,1,"<p>N/A</p>","",2025-04-25 19:30:21.590000000
57568,11,1,"<p>N/A</p>","",2023-04-21 17:50:40.300000000
57571,9,1,"<p>N/A</p>","",2024-11-20 14:19:23.217000000
57575,9,1,"<p>N/A</p>","",2025-06-18 17:36:04.460000000
57576,11,1,"<p>N/A</p>","",2023-05-23 15:15:22.120000000
57577,7,1,"<p>N/A</p>","",2023-08-23 16:56:04.900000000
57581,7,1,"<p>N/A</p>","",2023-07-19 16:36:05.583000000
57583,7,1,"<p>N/A</p>","",2023-10-18 12:25:55.187000000
57587,9,1,"<p>N/A</p>","",2023-12-20 14:49:27.560000000
57588,9,1,"<p>N/A</p>","",2023-10-18 13:44:27.280000000
57589,16,1,"<p>N/A</p>","",2023-11-20 15:53:29.770000000
57590,10,1,"","",2023-08-23 15:42:42.033000000
57591,21,1,"<p>N/A</p>","",2025-09-18 17:50:43.037000000
57592,17,1,"","",2025-01-21 15:38:14.690000000
57593,17,1,"<p>N/A</p>","",2025-09-18 19:39:59.470000000
57594,20,1,"<p>N/A</p>","",2025-09-18 17:37:18.503000000
57595,14,1,"<p>N/A</p>","",2025-09-17 15:25:02.737000000
57596,16,1,"","",2025-02-21 16:08:29.930000000
57597,22,1,"<p>N/A</p>","",2025-09-16 19:10:40.183000000
57598,9,1,"","",2024-04-16 14:29:45.677000000
57599,14,1,"","",2025-09-18 18:43:31.520000000
57600,34,1,"","",2025-09-26 14:00:00.697000000
57604,16,1,"","",2024-01-23 16:48:24.863000000
57607,14,1,"<p>N/A</p>","",2023-11-22 15:27:23.613000000
57608,15,1,"<p>N/A</p>","",2023-11-22 15:27:44.140000000
57609,10,1,"<p>N/A</p>","",2023-11-22 19:46:14
57611,16,1,"<p>N/A</p>","",2025-09-09 16:37:28.843000000
57612,8,1,"<p>N/A</p>","",2025-10-06 18:48:49.023000000
57613,7,1,"<p>N/A</p>","",2023-11-16 19:40:40.533000000
57614,15,1,"<p>N/A</p>","",2025-09-09 16:38:35.710000000
57615,6,1,"<p>N/A</p>","",2025-10-06 18:48:51.660000000
57616,5,1,"<p>N/A</p>","",2023-11-16 19:43:07.307000000
57618,24,1,"<p>N/A</p>","",2025-01-24 13:58:14.950000000
57619,7,1,"<p>N/A</p>","",2023-11-22 17:32:05.097000000
57620,7,1,"<p>N/A</p>","",2023-11-22 17:32:39.250000000
57621,16,1,"<p>N/A</p>","",2023-11-22 15:26:10.093000000
57622,15,1,"<p>N/A</p>","",2023-11-22 15:26:32.850000000
57630,11,1,"<p>N/A</p>","",2024-07-24 17:29:22.337000000
57633,8,1,"","",2025-01-24 17:53:14.153000000
57636,24,1,"","",2025-09-26 14:08:29.310000000
57637,20,1,"","",2025-09-26 17:41:11.417000000
57638,7,1,"","",2024-01-19 13:57:49.693000000
57643,20,1,"<p>N/A</p>","",2025-09-04 19:00:33.110000000
57647,17,1,"","",2023-07-07 12:25:58.210000000
57649,9,1,"","",2023-10-20 12:29:56.950000000
57651,5,1,"","",2019-11-21 21:53:25.430000000
57657,25,1,"","",2024-10-18 14:00:59.780000000
57660,6,1,"","",2019-11-22 23:00:14.733000000
57661,16,1,"<p>N/A</p>","",2023-11-22 19:29:14.843000000
57662,14,1,"<p>N/A</p>","",2023-11-22 19:48:05.730000000
57663,13,1,"","",2025-04-30 17:04:17.717000000
57664,10,1,"<p>N/A</p>","",2023-11-22 16:49:54.310000000
57665,9,1,"<p>N/A</p>","",2023-11-22 16:50:21.157000000
57666,33,1,"","",2024-06-14 20:26:58.240000000
57667,10,1,"","",2020-09-25 15:39:19.043000000
57668,44,1,"","",2025-09-17 16:28:28.133000000
57669,10,1,"","",2025-09-26 14:09:18.757000000
57670,5,1,"","",2019-11-21 22:22:48.493000000
57672,6,1,"","",2019-11-22 23:07:18.190000000
57677,14,1,"","",2024-10-18 12:55:41.087000000
57678,11,1,"","",2025-09-26 14:05:18.617000000
57680,27,1,"","",2024-11-08 19:50:36.360000000
57682,6,1,"","",2020-09-25 15:55:53.687000000
57683,10,1,"<p>N/A</p>","",2025-09-17 17:27:27.510000000
57684,9,1,"<p>N/A</p>","",2025-09-17 17:31:18.147000000
57685,7,1,"","",2023-11-14 21:46:23.697000000
57686,7,1,"","",2023-11-14 22:13:35.930000000
57689,43,1,"<p>N/A</p>","",2025-10-10 16:31:49.960000000
57690,38,1,"<p>N/A</p>","",2025-10-10 16:32:48.837000000
57692,11,1,"<p>N/A</p>","",2025-08-06 17:50:57.530000000
57697,16,1,"<p>N/A</p>","",2025-09-04 19:02:55.620000000
57701,26,1,"<p>N/A</p>","",2025-09-23 16:20:12.903000000
57702,22,1,"<p>N/A</p>","",2025-09-23 16:21:13.810000000
57706,14,1,"<p>N/A</p>","",2025-10-06 18:48:51.783000000
57707,13,1,"<p>N/A</p>","",2025-06-20 18:58:08.807000000
57715,53,1,"<p>N/A</p>","",2025-09-19 12:51:21.713000000
57718,20,1,"<p>N/A</p>","",2025-08-06 17:50:58.427000000
57726,7,1,"","",2023-10-13 11:44:21.237000000
57733,10,1,"<p>N/A</p>","",2024-05-21 12:56:15.663000000
57736,17,1,"","",2024-09-20 19:59:50.393000000
57751,20,1,"","",2021-10-08 13:08:53.247000000
57752,18,1,"","",2022-02-11 14:12:32.777000000
57753,12,1,"","",2022-01-14 13:53:24.680000000
57755,18,1,"","",2024-03-27 14:37:53.073000000
57759,35,1,"","",2025-09-17 20:26:53.910000000
57765,19,1,"","",2024-04-05 12:40:25.463000000
57767,12,1,"","",2024-03-01 14:34:11.760000000
57772,71,1,"<p>N/A</p>","",2025-08-21 18:48:26.840000000
57773,16,1,"<p>N/A</p>","",2023-11-22 15:22:48.333000000
57774,14,1,"<p>N/A</p>","",2025-09-19 14:07:01.583000000
57778,36,1,"","",2025-09-26 17:12:47.473000000
57779,8,1,"","",2025-01-24 17:40:08.200000000
57780,27,1,"","",2025-09-26 14:09:56.030000000
57787,45,1,"","",2024-09-13 13:22:19.380000000
57788,38,1,"","",2025-09-26 17:42:13.210000000
57791,12,1,"","",2025-10-06 18:48:51.583000000
57792,11,1,"","",2023-12-20 00:58:07.930000000
57802,15,1,"","",2025-09-26 14:10:45.910000000
57804,41,1,"","",2025-09-26 14:07:50.987000000
57807,123,1,"","",2025-09-19 15:06:46.417000000
57813,8,1,"","",2022-01-18 13:52:52.230000000
57826,33,1,"","",2024-12-19 12:38:02.283000000
57831,28,1,"","",2025-03-28 13:01:28.480000000
57837,24,1,"","",2024-09-04 13:33:53.310000000
57839,14,1,"","",2025-04-04 13:39:26.560000000
57842,10,1,"<p>N/A</p>","",2024-03-28 12:06:22.307000000
57843,10,1,"<p>N/A</p>","",2024-03-28 12:07:45.110000000
57848,19,1,"","",2025-09-23 11:39:33.713000000
57851,8,1,"<p>N/A</p>","",2023-09-19 14:19:23.900000000
57858,29,1,"<p>N/A</p>","",2025-04-23 19:02:34.330000000
57863,36,1,"<p>N/A</p>","",2025-07-17 23:01:37.710000000
57864,35,1,"<p>N/A</p>","",2025-07-17 23:04:49.683000000
57867,33,1,"","",2025-06-30 13:11:56.437000000
57868,4,1,"","",2021-12-13 14:12:17.457000000
57870,26,1,"","",2025-04-09 11:07:13.223000000
57872,10,1,"","",2022-02-11 14:13:27.783000000
57873,25,1,"","",2025-02-06 19:07:42.050000000
57878,19,1,"","",2024-09-17 16:28:28.273000000
57880,12,1,"","",2023-12-20 17:55:00.297000000
57884,10,1,"","",2025-04-04 13:40:37.377000000
57891,29,1,"<p>N/A</p>","N/A",2024-09-03 19:34:49.317000000
57892,29,1,"<p>N/A</p>","N/A",2024-09-03 19:35:39.187000000
57901,24,1,"<p>N/A</p>","",2025-03-28 12:34:23.820000000
57905,26,1,"<p>N/A</p>","",2025-03-28 12:35:04.310000000
57910,14,1,"","",2023-11-15 12:29:13.887000000
57913,11,1,"","",2025-09-16 17:35:55.107000000
57915,10,1,"","",2025-05-13 19:15:55.570000000
57917,29,1,"","",2025-05-09 16:10:19.210000000
57926,16,1,"","",2025-03-18 15:38:46.167000000
57936,33,1,"<p>N/A</p>","",2025-07-23 19:23:13.123000000
57944,19,1,"<p>N/A</p>","",2025-04-24 14:11:34.273000000
57948,24,1,"<p>N/A</p>","",2025-10-06 18:48:48.817000000
57949,20,1,"","",2025-07-14 17:46:27.580000000
57954,68,1,"","",2025-10-08 15:41:00.200000000
57957,52,1,"","",2025-10-08 15:43:00.110000000
57970,12,1,"<p>N/A</p>","",2023-11-22 16:38:16.180000000
57972,10,1,"<p>N/A</p>","",2023-11-22 16:38:48.090000000
57983,6,1,"<p>N/A</p>","",2023-12-20 16:25:11.823000000
57994,6,1,"","",2023-11-16 15:57:43.330000000
58000,4,1,"","",2020-08-18 15:46:41
58008,14,1,"","",2024-01-11 20:38:42.480000000
58017,45,1,"","",2025-06-27 13:12:37.043000000
58019,42,1,"","",2025-07-18 14:32:49.043000000
58021,11,1,"","",2022-05-26 13:29:56.893000000
58028,23,1,"","",2024-01-08 14:34:44.363000000
58031,11,1,"","",2022-02-18 13:49:44.753000000
58038,10,1,"","",2023-11-10 16:33:21.963000000
58052,8,1,"<p>N/A</p>","",2025-09-19 18:56:20.753000000
58053,7,1,"<p>N/A</p>","",2023-11-22 18:26:29.513000000
58061,28,1,"","",2025-06-26 13:39:43
58063,11,1,"","",2023-11-10 16:27:40.800000000
58065,19,1,"","",2024-01-08 17:49:55.687000000
58075,16,1,"","",2025-09-18 13:40:56.827000000
58095,13,1,"<p>N/A</p>","",2023-12-20 12:43:14.850000000
58097,13,1,"<p>N/A</p>","",2023-12-20 12:44:12.217000000
58110,22,1,"<p>N/A</p>","",2025-04-11 13:05:43.110000000
58116,28,1,"","",2025-03-18 17:24:36.793000000
58120,16,1,"<p>N/A</p>","",2023-11-22 18:58:03.210000000
58121,15,1,"<p>N/A</p>","",2023-11-22 18:58:22.293000000
58127,19,1,"<p>N/A</p>","",2025-09-30 23:50:43.990000000
58133,22,1,"","",2025-03-18 11:47:29.643000000
58136,22,1,"<p>N/A</p>","",2025-04-11 13:06:38.370000000
58138,19,1,"<p>N/A</p>","",2025-03-18 11:51:39.867000000
58152,6,1,"","",2024-09-17 15:49:31.673000000
58159,4,1,"<p>N/A</p>","",2020-05-14 19:50:42.210000000
58168,30,1,"<p>N/A</p>","",2025-07-18 13:36:28.117000000
58170,30,1,"<p>N/A</p>","",2025-07-18 13:37:19.287000000
58181,23,1,"<p>N/A</p>","",2024-01-08 13:56:07.163000000
58183,18,1,"<p>N/A</p>","",2025-09-22 13:19:13.400000000
58185,18,1,"<p>N/A</p>","",2025-09-22 13:20:49.280000000
58187,24,1,"<p>N/A</p>","",2024-01-08 13:56:45.480000000
58205,11,1,"<p>N/A</p>","",2024-06-18 13:55:31.107000000
58207,31,1,"","",2025-07-24 19:58:44.670000000
58209,5,1,"<p>N/A</p>","",2022-10-18 15:12:18.007000000
58211,23,1,"","",2024-01-23 17:38:09.393000000
58213,16,1,"","",2025-04-22 17:24:50.393000000
58216,4,1,"<p>N/A</p>","",2020-06-19 14:06:17.400000000
58218,9,1,"","",2023-11-08 14:21:14.813000000
58223,12,1,"","",2025-09-04 18:55:24.420000000
58227,8,1,"","",2023-12-11 04:26:57.767000000
58229,7,1,"","",2023-12-11 04:31:15.450000000
58232,3,1,"","",2020-05-28 12:07:32.973000000
58243,3,1,"<p>N/A</p>","",2020-11-06 11:44:32.297000000
58250,14,1,"","",2025-01-24 17:23:27.037000000
58264,3,1,"","",2020-11-06 11:45:18.240000000
58275,9,1,"","",2022-07-01 17:29:40.323000000
58277,13,1,"","",2025-04-09 14:29:57.063000000
58282,8,1,"","",2023-06-19 19:26:36.040000000
58287,5,1,"","",2021-12-29 15:47:22.203000000
58294,7,1,"","",2021-12-15 19:29:27.570000000
58308,18,1,"","",2024-09-04 13:37:23.330000000
58318,58,1,"","",2025-06-27 13:11:47.210000000
58321,7,1,"","",2021-12-21 15:13:33.270000000
58323,12,1,"","",2025-09-16 16:00:13.423000000
58324,33,1,"","",2025-06-24 13:27:17.693000000
58343,11,1,"","",2022-01-28 16:21:56.977000000
58345,12,1,"<p>N/A</p>","",2020-08-21 15:44:02.973000000
58350,22,1,"","",2024-12-18 18:34:42.677000000
58354,10,1,"","",2024-04-12 13:41:52.640000000
58359,13,1,"","",2025-08-29 16:26:45.300000000
58362,10,1,"","",2023-11-08 14:12:36.560000000
58364,32,1,"","",2025-01-14 18:02:18.700000000
58367,6,1,"","",2021-12-28 21:23:47.783000000
58371,12,1,"","",2023-12-13 11:56:18.860000000
58376,54,1,"","",2025-08-29 17:42:42.410000000
58392,13,1,"","",2024-12-17 19:38:02.800000000
58395,35,1,"","",2025-07-22 17:57:10.430000000
58403,24,1,"","",2024-12-20 18:38:13.667000000
58405,21,1,"","",2024-12-20 18:40:03.463000000
58406,24,1,"","",2025-06-11 13:20:25.007000000
58410,9,1,"","",2022-01-14 13:55:22.233000000
58412,4,1,"","",2020-08-21 21:10:25.140000000
58414,11,1,"","",2022-01-14 13:47:59.610000000
58423,46,1,"<p>N/A</p>","",2025-09-19 12:50:35.387000000
58428,24,1,"","",2025-09-26 14:01:04.317000000
58434,26,1,"","",2025-09-19 17:54:00.127000000
58436,13,1,"","",2025-09-04 18:54:29.850000000
58454,37,1,"<p>N/A</p>","",2025-08-29 14:32:50.963000000
58456,33,1,"<p>N/A</p>","",2025-08-29 14:29:21.317000000
58468,29,1,"<p>N/A</p>","",2025-09-17 19:53:49.340000000
58471,10,1,"","",2023-02-15 13:42:16.480000000
58473,10,1,"","",2024-06-18 13:01:15.030000000
58477,19,1,"","",2024-12-18 15:39:42.547000000
58503,12,1,"","",2023-08-22 15:20:42.790000000
58541,13,1,"","",2023-01-20 12:12:00.760000000
58543,12,1,"","",2023-01-20 12:12:38.320000000
58559,30,1,"","",2025-01-14 15:14:36.057000000
58565,37,1,"","",2025-09-04 19:03:45.440000000
58573,10,1,"","",2025-01-24 17:37:17.063000000
58575,35,1,"<p>N/A</p>","",2025-07-11 13:24:26.510000000
58577,31,1,"<p>N/A</p>","",2025-07-11 13:25:32.993000000
58578,11,1,"","",2025-09-23 11:39:33.630000000
58582,17,1,"","",2025-09-18 19:38:11.927000000
58592,19,1,"","",2025-09-26 14:06:34.093000000
58609,6,1,"","",2021-11-19 18:19:05.347000000
58641,4,1,"","",2021-02-10 21:01:14.090000000
58649,8,1,"","",2025-04-21 16:47:21.587000000
58652,25,1,"<p>N/A</p>","",2025-08-29 17:42:03.423000000
58656,8,1,"","",2024-06-14 17:28:43.397000000
58664,9,1,"","",2024-04-04 12:36:19.843000000
58679,28,1,"<p>N/A</p>","",2025-08-29 14:19:30.463000000
58681,26,1,"<p>N/A</p>","",2025-08-29 14:20:14.140000000
58695,11,1,"","",2025-01-13 16:08:10.777000000
58700,14,1,"","",2025-01-17 14:17:20.543000000
58706,12,1,"","",2023-11-08 14:53:39.950000000
58710,81,1,"","",2025-08-22 20:45:44.777000000
58713,10,1,"","",2025-02-06 20:19:12.547000000
58718,13,1,"<p>N/A</p>","",2025-01-17 13:20:44.853000000
58720,75,1,"<p>N/A</p>","",2025-09-04 14:58:23.423000000
58722,3,1,"<p>N/A</p>","",2021-05-11 19:53:47.390000000
58724,13,1,"<p>N/A</p>","",2025-01-17 13:21:44.757000000
58726,73,1,"<p>N/A</p>","",2025-09-04 14:58:57.393000000
58731,16,1,"","",2025-03-06 18:09:52.510000000
58734,18,1,"<p>N/A</p>","",2025-09-19 18:10:30.680000000
58737,10,1,"","",2023-11-15 12:45:38.997000000
58741,17,1,"<p>N/A</p>","",2025-07-24 14:54:38.427000000
58745,20,1,"","",2025-03-14 19:03:49.887000000
58747,56,1,"","",2025-09-03 19:07:40.300000000
58756,22,1,"<p>N/A</p>","",2025-09-17 17:53:40.317000000
58759,11,1,"","",2025-01-24 18:46:47.257000000
58761,60,1,"<p>N/A</p>","",2025-09-17 19:19:32.557000000
58774,19,1,"<p>N/A</p>","",2025-09-16 19:45:17.833000000
58777,11,1,"","",2023-11-20 16:38:02.967000000
58788,16,1,"","",2025-09-04 19:02:12.980000000
58795,15,1,"","",2025-01-24 17:57:05.390000000
58797,15,1,"","",2025-01-24 17:58:11.557000000
58801,77,1,"","",2025-09-26 14:01:52.407000000
58808,12,1,"","",2023-07-14 11:34:24.390000000
58810,11,1,"","",2023-07-14 11:34:57.580000000
58812,73,1,"","",2025-09-26 14:12:43.853000000
58814,11,1,"","",2023-12-20 16:00:55.050000000
58817,6,1,"","",2023-11-07 16:43:54.367000000
58821,7,1,"","",2022-03-09 15:36:34.327000000
58828,12,1,"","",2025-06-12 16:53:08.910000000
58865,23,1,"<p>N/A</p>","",2025-09-22 11:36:32.560000000
58867,22,1,"<p>N/A</p>","",2025-09-22 11:42:38.200000000
58872,6,1,"","",2025-09-26 14:02:42.333000000
58873,7,1,"","",2025-09-26 14:13:24.860000000
58876,8,1,"","",2024-12-18 13:35:33.710000000
58883,6,1,"","",2023-03-08 14:23:30.540000000
58893,18,1,"<p>N/A</p>","",2025-09-17 20:36:24.763000000
58917,85,1,"","",2025-10-10 14:44:02.693000000
58918,79,1,"","",2025-10-10 14:44:41.003000000
58921,10,1,"","",2024-10-21 10:27:51.160000000
58963,10,1,"","",2025-07-16 15:41:28.707000000
58973,26,1,"<p>N/A</p>","",2025-09-19 19:14:49.353000000
58975,26,1,"<p>N/A</p>","",2025-09-19 19:15:38.917000000
58982,19,1,"","",2025-04-10 12:56:51.410000000
58988,24,1,"","",2025-04-15 11:39:43.420000000
58993,16,1,"","",2025-09-04 18:56:44.290000000
58996,30,1,"<p>N/A</p>","",2025-04-15 12:37:28.667000000
58997,28,1,"<p>N/A</p>","",2025-04-15 12:39:45.320000000
58998,19,1,"","",2025-04-14 12:10:35.983000000
59004,20,1,"","",2025-04-25 17:04:30.987000000
59015,3,1,"","",2023-03-24 13:40:24.883000000
59028,8,1,"","",2023-12-13 00:31:33.937000000
59030,9,1,"","",2024-07-29 13:32:59.467000000
59032,6,1,"<p>N/A</p>","",2023-11-22 17:23:11.297000000
59034,6,1,"<p>N/A</p>","",2023-11-22 17:23:36.593000000
59036,15,1,"","",2025-08-26 13:29:32.680000000
59040,12,1,"","",2024-12-23 16:53:11.347000000
59042,13,1,"","",2024-08-08 18:09:07.987000000
59049,16,1,"","",2023-11-22 12:43:44.170000000
59051,6,1,"","",2025-02-06 19:17:00.343000000
59055,12,1,"<p>N/A</p>","",2025-09-16 14:35:04.940000000
59066,9,1,"","",2024-10-29 18:13:06.780000000
59086,20,1,"","",2023-12-08 14:09:03.617000000
59101,27,1,"","",2025-09-17 14:19:28.880000000
59105,30,1,"","",2025-09-17 14:18:37.473000000
59109,7,1,"","",2023-10-03 12:37:44.780000000
59121,3,1,"","",2023-03-22 12:01:22.947000000
59123,28,1,"","",2025-01-03 19:42:36.290000000
59125,38,1,"","",2025-01-03 19:41:28.923000000
59154,12,1,"","",2025-03-18 17:11:38.347000000
59158,9,1,"","",2024-01-02 22:06:16.563000000
59160,13,1,"","",2025-08-14 18:05:46.753000000
59163,6,1,"","",2023-11-15 12:05:01.407000000
59170,5,1,"","",2023-08-22 19:03:44.790000000
59175,10,1,"","",2024-09-25 13:10:29.647000000
59177,11,1,"","",2024-09-25 13:11:35.847000000
59179,9,1,"<p>N/A</p>","",2023-11-22 17:10:56.963000000
59181,7,1,"<p>N/A</p>","",2023-11-22 17:11:31.417000000
59186,22,1,"","",2025-08-25 19:38:59.310000000
59192,15,1,"","",2024-11-08 16:43:50.027000000
59205,3,1,"","",2023-01-13 14:25:21.647000000
59215,8,1,"","",2025-02-25 17:09:51.820000000
59233,18,1,"","",2024-05-20 11:58:35.697000000
59244,17,1,"<p>N/A</p>","",2024-05-31 17:09:36.813000000
59246,17,1,"<p>N/A</p>","",2024-05-31 17:13:45.120000000
59249,8,1,"","",2024-09-13 15:20:14.310000000
59250,7,1,"","",2024-09-13 15:20:41.723000000
59254,3,1,"","",2022-09-20 12:24:34.210000000
59257,11,1,"","",2024-12-18 15:04:20.337000000
59259,8,1,"","",2024-11-20 13:59:46.560000000
59261,7,1,"<p>N/A</p>","",2025-09-17 17:20:52.940000000
59268,27,1,"","",2025-01-24 14:03:22.823000000
59270,26,1,"","",2025-01-24 14:03:59.253000000
59295,6,1,"","",2025-04-16 19:11:30.940000000
59299,8,1,"","",2025-09-18 19:41:49.867000000
59311,9,1,"","",2024-09-18 12:58:17.477000000
59318,12,1,"","",2023-11-15 12:43:56.867000000
59323,4,1,"","",2024-12-03 17:14:53.753000000
59332,11,1,"","",2024-11-07 20:30:25.320000000
59350,19,1,"<p>v</p>","N/A",2025-08-13 19:10:57.413000000
59371,4,1,"","",2025-08-20 14:28:20.643000000
59374,14,1,"","",2025-09-18 20:03:02.390000000
59380,3,1,"<p>N/A</p>","",2024-06-28 13:40:37.267000000
59382,4,1,"<p>N/A</p>","",2024-06-28 11:41:21.440000000
59386,3,1,"<p>N/A</p>","",2024-06-28 14:07:23.500000000
59401,3,1,"<p>N/A</p>","",2024-06-28 14:08:24.120000000
59416,6,1,"<p>N/A</p>","",2024-09-17 16:42:26.507000000
59423,3,1,"","",2023-11-07 13:39:13.640000000
59429,3,1,"","",2024-06-25 12:23:19.713000000
59434,19,1,"<p>N/A</p>","",2025-09-16 17:56:25.770000000
59449,2,1,"","",2023-06-01 15:03:46.627000000
59462,4,1,"","",2024-08-01 12:59:19.277000000
59466,6,1,"","",2023-12-11 04:44:05.137000000
59468,5,1,"","",2023-12-11 04:50:00.467000000
59470,4,1,"","",2024-06-07 12:15:47.510000000
59472,4,1,"","",2024-08-01 13:59:00.250000000
59474,4,1,"","",2025-05-13 19:14:46.277000000
59476,4,1,"","",2024-08-02 14:22:52.300000000
59480,10,1,"","",2025-09-18 19:56:26.303000000
59482,4,1,"","",2025-06-11 12:11:53.130000000
59484,8,1,"","",2025-01-02 16:02:05.247000000
59487,11,1,"","",2025-09-17 20:30:08.667000000
59491,7,1,"","",2023-07-21 14:46:30.860000000
59492,6,1,"","",2023-07-21 14:47:49.223000000
59498,6,1,"","",2025-08-20 17:42:34.143000000
59505,4,1,"<p>N/A</p>","",2024-08-02 11:56:44.540000000
59507,4,1,"<p>N/A</p>","",2024-08-02 11:57:21.633000000
59509,4,1,"<p>N/A</p>","",2024-06-07 12:35:20.650000000
59511,4,1,"<p>N/A</p>","",2024-06-07 12:38:07.423000000
59513,3,1,"<p>N/A</p>","",2024-08-01 12:27:55.367000000
59515,3,1,"<p>N/A</p>","",2024-08-01 12:29:11.597000000
59521,10,1,"","",2025-01-02 13:12:48.780000000
59522,10,1,"","",2025-01-02 13:13:38.133000000
59529,10,1,"","",2025-08-01 00:24:30.977000000
59536,7,1,"","",2025-01-23 20:22:48.897000000
59549,3,1,"","",2024-07-24 13:43:50.430000000
59551,3,1,"","",2024-07-24 13:55:15.883000000
59553,8,1,"<p>N/A</p>","",2025-09-16 19:54:30.980000000
59560,3,1,"","",2024-06-05 12:00:51.273000000
59561,3,1,"","",2023-09-19 20:27:06.123000000
59576,7,1,"","",2023-11-09 23:48:57.263000000
59595,3,1,"","",2024-06-03 11:31:32.480000000
59608,30,1,"","",2025-03-03 16:55:24.380000000
59617,16,1,"","",2024-04-15 17:10:18.913000000
59618,18,1,"","",2025-05-13 12:02:48.677000000
59619,6,1,"","",2023-12-21 13:57:39.967000000
59620,5,1,"","",2023-12-21 13:56:59.397000000
59624,17,1,"","",2025-09-04 18:53:04.097000000
59625,10,1,"","",2024-04-20 20:04:04.177000000
59626,6,1,"","",2024-11-09 03:26:42.460000000
59627,11,1,"","",2024-04-20 20:04:33.743000000
59628,7,1,"<p>N/A</p>","",2024-11-09 03:26:07.683000000
59632,19,1,"","",2025-01-17 17:37:03.050000000
59634,8,1,"","",2025-01-13 15:19:21.943000000
59636,24,1,"","",2025-08-09 02:59:15.837000000
59641,24,1,"<p>N/A</p>","",2025-08-08 14:22:49.413000000
59642,24,1,"<p>N/A</p>","",2025-08-08 14:23:26.470000000
59646,14,1,"","",2025-10-07 14:07:30.027000000
59649,21,1,"<p>N/A</p>","",2025-08-21 19:50:37.600000000
59654,4,1,"<p>N/A</p>","",2024-05-21 14:17:38.890000000
59657,9,1,"","",2025-09-16 14:35:04.143000000
59664,13,1,"","",2025-01-24 14:21:06.883000000
59668,25,1,"","",2025-01-17 15:11:30.797000000
59671,2,1,"","",2024-03-22 14:00:22.800000000
59672,5,1,"","",2024-12-23 14:10:47.180000000
59674,15,1,"","",2025-01-17 15:12:15.553000000
59681,2,1,"","",2024-02-08 17:17:21.317000000
59682,4,1,"","",2024-12-27 21:50:19.307000000
59690,7,1,"","",2024-04-19 13:05:43.317000000
59691,9,1,"","",2025-02-12 15:19:47.287000000
59694,3,1,"","",2024-03-21 16:46:12.853000000
59695,5,1,"","",2024-12-23 11:43:13.823000000
59696,3,1,"","",2024-03-21 16:53:35.940000000
59697,5,1,"","",2024-12-23 11:50:10.560000000
59706,9,1,"","",2024-05-21 12:22:37.907000000
59711,3,1,"","",2024-04-16 17:48:39.553000000
59712,8,1,"","",2024-11-08 12:58:16.813000000
59713,5,1,"","",2024-05-20 14:00:20.620000000
59716,5,1,"","",2024-09-30 17:56:14.200000000
59718,6,1,"","",2024-12-26 14:29:32.107000000
59721,3,1,"","",2024-10-04 13:41:03.923000000
59723,5,1,"","",2024-11-01 18:01:18.210000000
59725,3,1,"","",2024-05-23 12:18:31.443000000
59727,4,1,"<p>N/A</p>","",2024-05-23 22:26:32.123000000
59728,4,1,"<p>N/A</p>","",2024-05-23 22:28:12.393000000
59731,5,1,"","",2024-04-19 18:40:03.110000000
59733,5,1,"","",2024-10-03 12:46:21.660000000
59739,2,1,"","",2024-04-16 11:53:49.867000000
59740,8,1,"","",2025-03-18 19:33:11.237000000
59752,4,1,"","",2025-09-16 14:35:04.500000000
59754,3,1,"","",2024-04-19 18:41:11.477000000
59764,13,1,"","",2025-09-26 14:14:17.420000000
59766,23,1,"","",2025-09-26 14:03:36.910000000
59769,6,1,"","",2025-10-06 18:48:47.813000000
59771,5,1,"","",2024-10-17 11:52:02.320000000
59805,18,1,"","",2025-04-25 15:53:14.500000000
59807,5,1,"","",2024-11-06 21:55:01.870000000
59808,2,1,"","",2024-05-21 16:54:12.910000000
59811,3,1,"","",2024-08-22 12:36:16.927000000
59813,3,1,"","",2024-10-03 13:54:21.450000000
59819,18,1,"","",2025-09-16 14:35:05.127000000
59820,4,1,"<p>v</p>","N/A",2024-08-23 12:49:12.177000000
59826,2,1,"","",2024-07-23 14:50:41.660000000
59827,5,1,"","",2025-06-27 15:24:41.750000000
59834,4,1,"","",2024-07-23 13:58:21.213000000
59835,5,1,"","",2025-06-27 16:13:49.940000000
59836,4,1,"","",2024-07-23 13:59:08.683000000
59837,5,1,"","",2025-06-27 16:14:30.920000000
59839,3,1,"","",2024-06-20 20:16:06.733000000
59840,5,1,"","",2024-08-23 12:47:53.403000000
59845,5,1,"","",2024-08-23 12:48:19.040000000
59846,2,1,"","",2024-08-19 13:21:44.507000000
59847,8,1,"","",2025-09-16 12:46:06.300000000
59848,3,1,"","",2024-08-19 13:20:41.837000000
59849,8,1,"","",2025-09-18 14:46:43.990000000
59859,3,1,"","",2024-09-30 13:10:20.147000000
59860,5,1,"","",2025-08-22 15:36:03.847000000
59861,3,1,"","",2024-09-30 13:09:46.960000000
59862,7,1,"","",2025-09-19 17:11:59.587000000
59863,3,1,"<p>N/A</p>","",2024-07-11 16:08:52.450000000
59864,3,1,"<p>N/A</p>","",2024-07-11 16:14:14.037000000
59865,3,1,"","",2024-08-23 12:48:45.033000000
59866,3,1,"","",2025-02-18 14:09:52.110000000
59867,3,1,"","",2024-08-19 15:02:13.080000000
59868,7,1,"","",2025-09-19 13:35:19.497000000
59869,3,1,"","",2024-08-19 15:03:26.260000000
59870,7,1,"","",2025-09-19 13:35:47.397000000
59871,3,1,"","",2024-08-19 15:06:38.840000000
59872,8,1,"","",2025-09-19 13:39:05.603000000
59873,3,1,"","",2024-08-19 15:07:54.010000000
59874,8,1,"","",2025-09-19 13:39:33.330000000
59877,2,1,"","",2024-08-23 12:49:35.227000000
59878,4,1,"","",2025-01-24 20:11:21.283000000
59879,3,1,"","",2024-10-03 11:03:05.593000000
59880,3,1,"","",2025-02-18 17:08:42.027000000
59881,3,1,"","",2024-08-21 12:42:15.447000000
59882,6,1,"","",2025-09-04 18:59:33.303000000
59883,3,1,"","",2024-08-21 12:43:35.920000000
59892,2,1,"","",2024-08-16 18:25:16.330000000
59898,2,1,"","",2024-09-23 12:27:59.273000000
59901,3,1,"","",2024-09-25 15:11:01.197000000
59905,2,1,"","",2024-08-21 16:34:53.197000000
59906,4,1,"","",2025-06-25 16:50:23.913000000
59907,2,1,"","",2024-08-21 16:38:29.803000000
59908,6,1,"<p>N/A</p>","",2025-09-17 18:40:36.013000000
59914,6,1,"","",2024-09-24 22:13:18.090000000
59915,19,1,"","",2025-09-15 17:45:56.873000000
59918,3,1,"","",2024-09-30 15:06:18.827000000
59919,3,1,"","",2025-06-26 18:36:09.627000000
59920,4,1,"","",2024-09-30 15:13:56.577000000
59926,3,1,"","",2024-09-24 18:11:36.600000000
59933,9,1,"<p>N/A</p>","",2024-10-04 15:29:35.940000000
59938,2,1,"","",2024-10-03 12:09:37.120000000
59939,3,1,"","",2025-06-27 18:54:07.687000000
59940,5,1,"<p>N/A</p>","",2024-10-04 15:30:23.090000000
59956,3,1,"<p>N/A</p>","",2025-01-31 15:29:26.387000000
59960,3,1,"","",2025-01-31 15:27:56.187000000
59970,2,1,"","",2025-01-31 15:28:41.373000000
59971,3,1,"","",2025-09-05 14:00:09.340000000
59972,4,1,"","",2025-02-07 16:23:56.040000000
59973,6,1,"","",2025-09-04 14:32:13.750000000
59975,2,1,"","",2025-01-31 12:31:31.223000000
59976,3,1,"","",2025-09-02 20:38:50.760000000
59977,2,1,"","",2025-01-31 12:32:04.480000000
59978,3,1,"","",2025-09-02 20:37:33.527000000
59980,3,1,"","",2025-01-31 12:20:36.020000000
59981,3,1,"","",2025-09-03 10:53:52.303000000
60145,6,1,"","",2025-07-09 12:21:59.683000000
60151,6,1,"","",2025-07-11 15:54:49.273000000
60154,6,1,"<p>N/A</p>","",2025-07-11 15:55:34.850000000
60160,6,1,"","",2025-07-10 11:35:33.757000000
60177,5,1,"","",2025-05-09 11:26:42.017000000
60178,3,1,"<p>N/A</p>","",2025-05-06 21:48:45.020000000
60179,4,1,"<p>N/A</p>","",2025-05-06 21:54:09.697000000
60180,4,1,"","",2025-05-08 12:36:56.693000000
60182,2,1,"","",2025-05-05 10:44:57.603000000
60184,3,1,"","",2025-05-08 17:54:14.010000000
60186,3,1,"","",2025-05-05 11:29:18.867000000
60187,3,1,"","",2025-05-05 11:07:12.247000000
60194,2,1,"","",2025-05-06 15:04:53.317000000
60195,4,1,"","",2025-05-22 20:22:10.487000000
60196,4,1,"","",2025-05-22 20:22:41.963000000
60204,7,1,"","",2025-08-18 13:50:43.893000000
60210,3,1,"","",2025-05-08 20:58:52.613000000
60212,2,1,"","",2025-05-07 16:57:58.700000000
60214,4,1,"","",2025-08-21 18:29:10.450000000
60216,4,1,"","",2025-08-22 14:21:18.030000000
60221,3,1,"","",2025-09-19 13:10:02.360000000
60234,3,1,"","",2025-07-17 14:52:46.070000000
60235,3,1,"","",2025-08-18 14:00:07.690000000
60238,3,1,"","",2025-08-22 13:39:42.157000000
60240,3,1,"","",2025-08-21 18:28:20.770000000
60244,2,1,"","",2025-09-18 15:32:47.137000000
60246,3,1,"","",2025-09-19 13:11:24.583000000
60249,5,1,"","",2025-09-18 15:33:55.740000000
60255,5,1,"","",2025-08-18 13:55:44.863000000
60271,2,1,"","",2025-08-22 14:02:20.357000000
60273,2,1,"","",2025-07-11 19:17:48.287000000
60275,2,1,"","",2025-07-18 11:41:50.460000000
60276,3,1,"","",2025-09-03 17:34:46.780000000
60278,6,1,"","",2025-09-19 13:32:09.787000000
60285,4,1,"","",2025-09-19 13:10:55.980000000
60291,2,1,"","",2025-09-17 13:34:11.023000000
60293,3,1,"","",2025-08-21 18:27:03.210000000
60295,3,1,"","",2025-09-17 13:30:49.220000000
60297,3,1,"","",2025-09-19 13:12:09.110000000
60299,3,1,"","",2025-09-16 18:35:54.857000000
60301,3,1,"","",2025-09-18 14:45:05.697000000
60304,3,1,"","",2025-09-18 15:45:10.327000000
60305,2,1,"<p>N/A</p>","",2025-08-19 14:40:00.107000000
60307,3,1,"","",2025-09-15 16:48:05.410000000
60309,3,1,"<p>N/A</p>","",2025-09-15 17:12:37.390000000
60314,5,1,"","",2025-09-05 17:38:49.100000000
60317,4,1,"","",2025-09-05 17:42:48.637000000
60321,2,1,"<p>N/A</p>","",2025-09-16 17:46:47.973000000
60325,2,1,"","",2025-09-18 18:47:23.953000000
